headline:145551, PCB's youth league, NONE
headline:145544, Sri Lanka vs Pakistan, NONE
headline:145537, Afghanistan news, NONE
headline:145559, Qalandars in Namibia 2022, NONE
headline:145527, India vs Afghanistan, NONE
headline:135394, News Headlines, NONE
headline:135402, Must Watch, NONE
headline:145462, England vs South Africa, NONE
headline:145549, Nepal news, NONE
headline:145556, New Zealand tour of Australia, NONE
headline:145558, CPL 2022, NONE
headline:135403, EDITOR'S PICKS, NONE
headline:145550, Royals vs Kings, NONE
headline:145542, Amazon Warriors vs Patriots, NONE
headline:145548, England news, NONE
headline:145503, Afghanistan vs Pakistan, NONE
headline:145513, Australia vs New Zealand, NONE
headline:145538, T20 World Cup, NONE
headline:145526, Women's T20 Asia Cup, NONE
headline:145515, National T20 Cup, NONE
headline:145516, T20 World Cup, NONE
headline:145509, Quiz, NONE
headline:145517, Richelieu Eagles vs Lahore Qalandars, NONE
headline:145523, Royals vs Knight Riders, NONE
headline:145534, Tallawahs vs Kings, NONE
headline:145475, India vs Sri Lanka, NONE
headline:145511, India analysis, NONE
headline:145436, India vs Pakistan, NONE
headline:145508, LV= Insurance Championship, NONE
headline:145431, Australia vs New Zealand, NONE
headline:145490, National T20 Cup, NONE
headline:145477, Ask Steven, NONE
headline:145506, The Hundred 2022, NONE
headline:145505, Injury update, NONE
headline:145494, Men's T20 World Cup 2022, NONE
